{
  "logAccountBOs": [
    {
      "accountId": 1,
      "action": "A",
      "createTime": "2021-07-27T01:28:16Z",
      "modBy": "carol",
      "sequence": 71
    },
    {
      "accountId": 1,
      "action": "S",
      "createTime": "2021-07-26T20:15:02Z",
      "modBy": "carol",
      "sequence": 70
    },
    {
      "accountId": 1,
      "action": "A",
      "createTime": "2021-07-26T20:14:57Z",
      "modBy": "carol",
      "sequence": 69
    },
    {
      "accountId": 1,
      "action": "A",
      "createTime": "2021-07-19T14:50:39Z",
      "modBy": "carol",
      "sequence": 47
    },
    {
      "accountId": 40,
      "action": "S",
      "comment": "test account for activate o suspend account",
      "createTime": "2021-07-15T22:12:36Z",
      "modBy": "mattsuper",
      "sequence": 46
    },
    {
      "accountId": 40,
      "action": "A",
      "comment": "test account for activate o suspend account",
      "createTime": "2021-07-15T22:12:31Z",
      "modBy": "mattsuper",
      "sequence": 45
    },
    {
      "accountId": 30,
      "action": "S",
      "comment": "test  for create account error scenario",
      "createTime": "2021-07-09T21:53:24Z",
      "modBy": "mattsuper",
      "sequence": 37
    },
    {
      "accountId": 31,
      "action": "D",
      "comment": "test  for create account error scenario",
      "createTime": "2021-07-09T21:42:18Z",
      "modBy": "mattsuper",
      "sequence": 36
    },
    {
      "accountId": 29,
      "action": "D",
      "comment": "chg status to A ",
      "createTime": "2021-07-09T20:56:02Z",
      "modBy": "mattsuper",
      "sequence": 35
    },
    {
      "accountId": 1,
      "action": "S",
      "createTime": "2021-07-09T20:54:46Z",
      "modBy": "carol",
      "sequence": 34
    },
    {
      "accountId": 1,
      "action": "A",
      "createTime": "2021-07-09T20:48:51Z",
      "modBy": "carol",
      "sequence": 33
    },
    {
      "accountId": 1,
      "action": "S",
      "createTime": "2021-07-09T20:48:39Z",
      "modBy": "carol",
      "sequence": 32
    },
    {
      "accountId": 1,
      "action": "A",
      "createTime": "2021-07-09T20:45:09Z",
      "modBy": "carol",
      "sequence": 31
    },
    {
      "accountId": 25,
      "action": "A",
      "comment": "comment2",
      "createTime": "2021-07-02T14:05:43Z",
      "modBy": "mattsuper",
      "sequence": 3
    },
    {
      "accountId": 29,
      "action": "A",
      "comment": "chg status to A ",
      "createTime": "2021-07-01T21:05:29Z",
      "modBy": "mattmgr",
      "sequence": 2
    },
    {
      "accountId": 29,
      "action": "S",
      "comment": "test comment  ",
      "createTime": "2021-07-01T21:03:00Z",
      "modBy": "mattmgr",
      "sequence": 1
    }
  ],
  "totalRecords": 16
}