{
  "historyBOs": [
    {
      "actionCode": "C",
      "code": 330,
      "createTime": "2021-07-15T15:37:01Z",
      "domainName": "cname8",
      "downloadType": "B",
      "groupCode": "MISgrp",
      "modBy": "mattsuper",
      "recId": 209,
      "rrGrp": 287,
      "sequence": 10,
      "typeCode": "CNAME",
      "zoneName": "mattmodby1.com.",
      "zoneNum": 287
    },
    {
      "actionCode": "C",
      "code": 330,
      "createTime": "2021-07-15T15:37:01Z",
      "domainName": "cname7",
      "downloadType": "B",
      "groupCode": "MISgrp",
      "modBy": "mattsuper",
      "recId": 208,
      "rrGrp": 287,
      "sequence": 9,
      "typeCode": "CNAME",
      "zoneName": "mattmodby1.com.",
      "zoneNum": 287
    },
    {
      "actionCode": "C",
      "code": 330,
      "createTime": "2021-07-15T15:37:01Z",
      "domainName": "cname6",
      "downloadType": "B",
      "groupCode": "MISgrp",
      "modBy": "mattsuper",
      "recId": 207,
      "rrGrp": 287,
      "sequence": 8,
      "typeCode": "CNAME",
      "zoneName": "mattmodby1.com.",
      "zoneNum": 287
    },
    {
      "actionCode": "C",
      "code": 330,
      "createTime": "2021-07-15T15:37:01Z",
      "domainName": "cname5",
      "downloadType": "B",
      "groupCode": "MISgrp",
      "modBy": "mattsuper",
      "recId": 206,
      "rrGrp": 287,
      "sequence": 7,
      "typeCode": "CNAME",
      "zoneName": "mattmodby1.com.",
      "zoneNum": 287
    },
    {
      "actionCode": "C",
      "code": 330,
      "createTime": "2021-07-15T15:37:00Z",
      "domainName": "cname4",
      "downloadType": "B",
      "groupCode": "MISgrp",
      "modBy": "mattsuper",
      "recId": 205,
      "rrGrp": 287,
      "sequence": 6,
      "typeCode": "CNAME",
      "zoneName": "mattmodby1.com.",
      "zoneNum": 287
    },
    {
      "actionCode": "C",
      "code": 330,
      "createTime": "2021-07-15T15:37:00Z",
      "domainName": "cname3",
      "downloadType": "B",
      "groupCode": "MISgrp",
      "modBy": "mattsuper",
      "recId": 204,
      "rrGrp": 287,
      "sequence": 5,
      "typeCode": "CNAME",
      "zoneName": "mattmodby1.com.",
      "zoneNum": 287
    },
    {
      "actionCode": "C",
      "code": 330,
      "createTime": "2021-07-15T15:37:00Z",
      "domainName": "cname2",
      "downloadType": "B",
      "groupCode": "MISgrp",
      "modBy": "mattsuper",
      "recId": 202,
      "rrGrp": 287,
      "sequence": 4,
      "typeCode": "CNAME",
      "zoneName": "mattmodby1.com.",
      "zoneNum": 287
    },
    {
      "actionCode": "C",
      "code": 330,
      "createTime": "2021-07-15T15:34:54Z",
      "domainName": "cname0",
      "downloadType": "B",
      "groupCode": "MISgrp",
      "modBy": "mattsuper",
      "recId": 200,
      "rrGrp": 287,
      "sequence": 3,
      "typeCode": "CNAME",
      "zoneName": "mattmodby1.com.",
      "zoneNum": 287
    },
    {
      "actionCode": "C",
      "code": 110,
      "createTime": "2021-07-14T19:42:25Z",
      "domainName": "mattmodby1.com.",
      "downloadType": "B",
      "groupCode": "HSTgrp",
      "modBy": "mattsuper",
      "recId": 0,
      "rrGrp": 287,
      "sequence": 2,
      "typeCode": "ZONP",
      "zoneName": "mattmodby1.com.",
      "zoneNum": 287
    },
    {
      "actionCode": "C",
      "code": 110,
      "createTime": "2021-07-14T19:41:26Z",
      "domainName": "mattmodby1.com.",
      "downloadType": "B",
      "groupCode": "MISgrp",
      "modBy": "mattsuper",
      "recId": 0,
      "rrGrp": 287,
      "sequence": 1,
      "typeCode": "ZONP",
      "zoneName": "mattmodby1.com.",
      "zoneNum": 287
    }
  ],
  "totalRecords": 10
}