{
  "totalRecords": 1,
  "userBOs": [

    {
      "addrEmail": "matt@att.com",
      "attUid": "attsuper",
      "comment": "test add ",
      "createTime": "2021-04-19 18:50:51",
      "enabled": "N",
      "fName": "matt",
      "lName": "oc",
      "lastAcct": 0,
      "modTime": "2021-04-16T18:54:24Z",
      "password": "pswd1234",
      "privileges": "su,ab,ai,au,ad,zb,zi,zu,zd,ri,ru,rd",
      "serviceId": "WNMIS",
      "userId": 27,
      "userName": "mattsuper"
    },
    {
      "addrEmail": "pm8237@att.com",
      "attUid": "pm8237",
      "comment": " ",
      "createTime": "2021-09-28 18:45:40",
      "enabled": "Y",
      "fName": "matt",
      "lName": "oc",
      "lastAcct": 0,
      "modTime": "2021-09-28 18:45:40",
      "password": "pamuser1",
      "privileges": "su,ab,ai,au,ad,zb,zi,zu,zd,ri,ru,rd",
      "serviceId": "WNMIS",
      "userId": 59,
      "userName": "pamuser"
    },
    {
      "addrEmail": "dvuser@att.email.com",
      "attUid": "dvuser",
      "comment": "test add ",
      "createTime": "2021-04-19 18:50:51",
      "enabled": "N",
      "fName": "matt",
      "lName": "oc",
      "lastAcct": 0,
      "modTime": "2021-04-16T18:54:24Z",
      "password": "U123a123a",
      "privileges": "ab,ai,au,ad,zb,zi,zu,zd,ri,ru,rd",
      "serviceId": "WNMIS",
      "userId": 1,
      "userName": "nsre89kale"
    },
    {
      "addrCity": "New city",
      "addrCountryCode": "USA",
      "addrEmail": "ns024semail@att.com",
      "addrLine1": "10 main st",
      "addrLine2": "new town",
      "addrStateCode": "NJ",
      "addrZip": "07748",
      "attUid": "ns024s",
      "comment": "updating ",
      "createTime": "2021-06-11T04:22:34Z",
      "enabled": "Y",
      "fName": "sri",
      "lName": "nimitha",
      "modTime": "2022-05-06T07:38:05Z",
      "password": "123123a$#",
      "phoneCountryCode": "1",
      "phoneNum": "4434591684",
      "privileges": "su,ab,ai,au,ad,zb,zi,zu,zd,ri,ru,rd",
      "privs": "su,ab,ai,au,ad,zb,zi,zu,zd,ri,ru,rd",
      "serviceId": "WNMIS",
      "userId": 48,
      "userName": "ns024suser",
      "userUri": "http://mtznjv1guvm64.kvm.cip.att.com:7001/Dragon2Rest/resources/users/48"
    }
  ]
}