{
  "accountBOs": [
    {
      "FName": "Carol",
      "LName": "Gallagher",
      "accountId": 1,
      "accountUri": "http://mtznjv1guvm64.kvm.cip.att.com:7001/Dragon2Rest/resources/accounts/3",
      "addrCity": "Middletown",
      "addrLine2": "100 Main St.",
      "addrZip": "07748",
      "cci": "12345",
      "comments": "blanks allowed??",
      "company": "Carol cookies",
      "countryCode": "US",
      "createTime": "2021-03-03T20:37:52Z",
      "custId": 0,
      "custType": "PAYING",
      "lastUpdatedBy": "carol",
      "serviceName": "WNMIS",
      "srvAcctId": "54321",
      "stateCode": "NJ",
      "status": "A",
      "updateTime": "2021-03-03T20:37:52Z"
    },
    {
      "FName": "Pam",
      "LName": "Mcgovern",
      "accountId": 2,
      "accountUri": "http://mtznjv1guvm64.kvm.cip.att.com:7001/Dragon2Rest/resources/accounts/3",
      "addrCity": "Middletown",
      "addrLine2": "100 Main St.",
      "addrZip": "07748",
      "cci": "12345",
      "comments": "blanks allowed??",
      "company": "Pam Pizza",
      "countryCode": "US",
      "createTime": "2021-03-03T20:37:52Z",
      "custId": 0,
      "custType": "PAYING",
      "lastUpdatedBy": "carol",
      "serviceName": "WNMIS",
      "srvAcctId": "54321",
      "stateCode": "NJ",
      "status": "A",
      "updateTime": "2021-03-03T20:37:52Z"
    },
    {
      "FName": "Mateo",
      "LName": "Oconnell",
      "accountId": 3,
      "accountUri": "http://mtznjv1guvm64.kvm.cip.att.com:7001/Dragon2Rest/resources/accounts/3",
      "addrCity": "Middletown",
      "addrLine2": "100 Main St.",
      "addrZip": "07748",
      "cci": "12345",
      "comments": "blanks allowed??",
      "company": "Matts Microphones",
      "countryCode": "US",
      "createTime": "2021-03-03T20:37:52Z",
      "custId": 0,
      "custType": "PAYING",
      "lastUpdatedBy": "carol",
      "serviceName": "WNMIS",
      "srvAcctId": "54321",
      "stateCode": "NJ",
      "status": "A",
      "updateTime": "2021-03-03T20:37:52Z"
    },
    {
      "FName": "Nimitha",
      "LName": "Srireddy",
      "accountId": 4,
      "accountUri": "http://mtznjv1guvm64.kvm.cip.att.com:7001/Dragon2Rest/resources/accounts/3",
      "addrCity": "Middletown",
      "addrLine2": "100 Main St.",
      "addrZip": "07748",
      "cci": "12345",
      "comments": "blanks allowed??",
      "company": "Nimitha's Nachos",
      "countryCode": "US",
      "createTime": "2021-03-03T20:37:52Z",
      "custId": 0,
      "custType": "PAYING",
      "lastUpdatedBy": "carol",
      "serviceName": "WNMIS",
      "srvAcctId": "54321",
      "stateCode": "NJ",
      "status": "A",
      "updateTime": "2021-03-03T20:37:52Z"
    }
  ]
}
