{

  "tlDomainBOs": [
    {
      "tlDomain": "com.",
      "tlDomainUri": "http://mtznjv1guvm64.kvm.cip.att.com:7001/Dragon2Rest/resources/tlds/search/tldEq=com."
    },
    {
      "tlDomain": "arpa.",
      "tlDomainUri": "http://mtznjv1guvm64.kvm.cip.att.com:7001/Dragon2Rest/resources/tlds/search/tldEq=arpa."
    },
    {
      "tlDomain": "newdom.",
      "tlDomainUri": "http://mtznjv1guvm64.kvm.cip.att.com:7001/Dragon2Rest/resources/tlds/search/tldEq=newdom."
    },
    {
      "tlDomain": "newdom2.",
      "tlDomainUri": "http://mtznjv1guvm64.kvm.cip.att.com:7001/Dragon2Rest/resources/tlds/search/tldEq=newdom2."
    },
    {
      "tlDomain": "newdom2.",
      "tlDomainUri": "http://mtznjv1guvm64.kvm.cip.att.com:7001/Dragon2Rest/resources/tlds/search/tldEq=newdom2."
    },
    {
      "tlDomain": "newdom3.",
      "tlDomainUri": "http://mtznjv1guvm64.kvm.cip.att.com:7001/Dragon2Rest/resources/tlds/search/tldEq=newdom3."
    },
    {
      "tlDomain": "newdom4.",
      "tlDomainUri": "http://mtznjv1guvm64.kvm.cip.att.com:7001/Dragon2Rest/resources/tlds/search/tldEq=newdom4."
    },
    {
      "tlDomain": "newdom5.",
      "tlDomainUri": "http://mtznjv1guvm64.kvm.cip.att.com:7001/Dragon2Rest/resources/tlds/search/tldEq=newdom5."
    },
    {
      "tlDomain": "newdom6.",
      "tlDomainUri": "http://mtznjv1guvm64.kvm.cip.att.com:7001/Dragon2Rest/resources/tlds/search/tldEq=newdom6."
    },
    {
      "tlDomain": "newdom7.",
      "tlDomainUri": "http://mtznjv1guvm64.kvm.cip.att.com:7001/Dragon2Rest/resources/tlds/search/tldEq=newdom7."
    },
    {
      "tlDomain": "newdom8.",
      "tlDomainUri": "http://mtznjv1guvm64.kvm.cip.att.com:7001/Dragon2Rest/resources/tlds/search/tldEq=newdom8."
    },
    {
      "tlDomain": "newdom9.",
      "tlDomainUri": "http://mtznjv1guvm64.kvm.cip.att.com:7001/Dragon2Rest/resources/tlds/search/tldEq=newdom9."
    },
    {
      "tlDomain": "newdom20.",
      "tlDomainUri": "http://mtznjv1guvm64.kvm.cip.att.com:7001/Dragon2Rest/resources/tlds/search/tldEq=newdom20."
    },
    {
      "tlDomain": "newdom101",
      "tlDomainUri": "http://mtznjv1guvm64.kvm.cip.att.com:7001/Dragon2Rest/resources/tlds/search/tldEq=newdom101"
    },
    {
      "tlDomain": "new",
      "tlDomainUri": "http://mtznjv1guvm64.kvm.cip.att.com:7001/Dragon2Rest/resources/tlds/search/tldEq=new"
    },
    {
      "tlDomain": "newdom101",
      "tlDomainUri": "http://mtznjv1guvm64.kvm.cip.att.com:7001/Dragon2Rest/resources/tlds/search/tldEq=newdom101"
    },
    {
      "tlDomain": "newdom101",
      "tlDomainUri": "http://mtznjv1guvm64.kvm.cip.att.com:7001/Dragon2Rest/resources/tlds/search/tldEq=newdom101"
    },
    {
      "tlDomain": "newdom101.",
      "tlDomainUri": "http://mtznjv1guvm64.kvm.cip.att.com:7001/Dragon2Rest/resources/tlds/search/tldEq=newdom101."
    },
    {
      "tlDomain": "new",
      "tlDomainUri": "http://mtznjv1guvm64.kvm.cip.att.com:7001/Dragon2Rest/resources/tlds/search/tldEq=new"
    }
  ],
  "totalRecords": 19
}
