{
  "addDomainBOs": [
    {
      "code": 2,
      "createTime": "2021-06-23T19:40:01Z",
      "lastcode": 3,
      "modBy": "mattsuper",
      "zoneName": "mattapi1.com.",
      "zoneNum": 266
    },
    {
      "code": 2,
      "createTime": "2021-06-23T19:39:49Z",
      "lastcode": 3,
      "modBy": "mattsuper",
      "zoneName": "mattapi10.com.",
      "zoneNum": 273
    },
    {
      "code": 2,
      "createTime": "2021-06-23T19:39:29Z",
      "lastcode": 3,
      "modBy": "mattsuper",
      "zoneName": "mattapi9.com.",
      "zoneNum": 272
    },
    {
      "code": 2,
      "createTime": "2021-06-23T19:39:22Z",
      "lastcode": 3,
      "modBy": "mattsuper",
      "zoneName": "mattapi8.com.",
      "zoneNum": 271
    },
    {
      "code": 2,
      "createTime": "2021-06-23T19:39:09Z",
      "lastcode": 3,
      "modBy": "mattsuper",
      "zoneName": "mattapi7.com.",
      "zoneNum": 270
    },
    {
      "code": 2,
      "createTime": "2021-05-18T20:17:22Z",
      "lastcode": 3,
      "modBy": "mattsuper",
      "zoneName": "carolscookies.com",
      "zoneNum": 126
    },
    {
      "code": 1,
      "createTime": "2021-05-18T20:13:42Z",
      "lastcode": 2,
      "modBy": "mattmgr",
      "zoneName": "matt05072104.com",
      "zoneNum": 174
    },
    {
      "code": 1,
      "createTime": "2021-05-18T20:12:48Z",
      "lastcode": 2,
      "modBy": "mattacctmgr",
      "zoneName": "matt04272101.com",
      "zoneNum": 141
    }
  ],
  "totalRecords": 8
}