{
  "RRBOs": [
    {
      "comments": "null",
      "createTime": "2021-08-25T18:27:17Z",
      "modBy": "mattsuper",
      "modTime": "2021-08-25T18:27:17Z",
      "recId": 746,
      "rrData": "1.1.1.1",
      "rrGrp": 360,
      "rrName": "matthost1",
      "rrStr": "matthost1 in a 1.1.1.1",
      "rrType": "a",
      "rrUri": "http://mtznjv1guvm64.kvm.cip.att.com:7001/Dragon2Rest/resources/rrs/search/746"
    },
    {
      "comments": "null",
      "createTime": "2021-08-25T18:30:56Z",
      "modBy": "mattsuper",
      "modTime": "2021-08-25T18:30:56Z",
      "recId": 747,
      "rrData": "2.2.2.2",
      "rrGrp": 360,
      "rrName": "matthost2",
      "rrStr": "matthost2 in a 2.2.2.2",
      "rrType": "a",
      "rrUri": "http://mtznjv1guvm64.kvm.cip.att.com:7001/Dragon2Rest/resources/rrs/search/747"
    },
    {
      "comments": "null",
      "createTime": "2021-08-25T18:30:58Z",
      "modBy": "mattsuper",
      "modTime": "2021-08-25T18:30:58Z",
      "recId": 748,
      "rrData": "3.3.3.3",
      "rrGrp": 360,
      "rrName": "matthost3",
      "rrStr": "matthost3 in a 3.3.3.3",
      "rrType": "a",
      "rrUri": "http://mtznjv1guvm64.kvm.cip.att.com:7001/Dragon2Rest/resources/rrs/search/748"
    },
    {
      "comments": "null",
      "createTime": "2021-08-25T18:35:25Z",
      "modBy": "mattsuper",
      "modTime": "2021-08-25T18:35:25Z",
      "recId": 749,
      "rrData": "11.2.3.4",
      "rrGrp": 360,
      "rrName": "matthost11",
      "rrStr": "matthost11 in a 11.2.3.4",
      "rrType": "a",
      "rrUri": "http://mtznjv1guvm64.kvm.cip.att.com:7001/Dragon2Rest/resources/rrs/search/749"
    },
    {
      "comments": "null",
      "createTime": "2021-08-25T18:35:45Z",
      "modBy": "mattsuper",
      "modTime": "2021-08-25T18:35:45Z",
      "recId": 750,
      "rrData": "12.3.3.3",
      "rrGrp": 360,
      "rrName": "matthost12",
      "rrStr": "matthost12 in a 12.3.3.3",
      "rrType": "a",
      "rrUri": "http://mtznjv1guvm64.kvm.cip.att.com:7001/Dragon2Rest/resources/rrs/search/750"
    },
    {
      "comments": "null",
      "createTime": "2021-08-25T18:35:56Z",
      "modBy": "mattsuper",
      "modTime": "2021-08-25T18:35:56Z",
      "recId": 751,
      "rrData": "13.4.4.4",
      "rrGrp": 360,
      "rrName": "matthost13",
      "rrStr": "matthost13 in a 13.4.4.4",
      "rrType": "a",
      "rrUri": "http://mtznjv1guvm64.kvm.cip.att.com:7001/Dragon2Rest/resources/rrs/search/751"
    },
    {
      "comments": "null",
      "createTime": "2021-08-25T18:39:57Z",
      "modBy": "mattsuper",
      "modTime": "2021-08-25T18:39:57Z",
      "recId": 752,
      "rrData": "21.2.3.4",
      "rrGrp": 360,
      "rrName": "matthost21",
      "rrStr": "matthost21 in a 21.2.3.4",
      "rrType": "a",
      "rrUri": "http://mtznjv1guvm64.kvm.cip.att.com:7001/Dragon2Rest/resources/rrs/search/752"
    },
    {
      "comments": "null",
      "createTime": "2021-08-25T18:40:07Z",
      "modBy": "mattsuper",
      "modTime": "2021-08-25T18:40:07Z",
      "recId": 753,
      "rrData": "22.3.3.3",
      "rrGrp": 360,
      "rrName": "matthost22",
      "rrStr": "matthost22 in a 22.3.3.3",
      "rrType": "a",
      "rrUri": "http://mtznjv1guvm64.kvm.cip.att.com:7001/Dragon2Rest/resources/rrs/search/753"
    },
    {
      "comments": "null",
      "createTime": "2021-08-25T18:40:16Z",
      "modBy": "mattsuper",
      "modTime": "2021-08-25T18:40:16Z",
      "recId": 754,
      "rrData": "23.4.4.4",
      "rrGrp": 360,
      "rrName": "matthost23",
      "rrStr": "matthost23 in a 23.4.4.4",
      "rrType": "a",
      "rrUri": "http://mtznjv1guvm64.kvm.cip.att.com:7001/Dragon2Rest/resources/rrs/search/754"
    },
    {
      "comments": "null",
      "createTime": "2021-08-25T18:40:24Z",
      "modBy": "mattsuper",
      "modTime": "2021-08-25T18:40:24Z",
      "recId": 755,
      "rrData": "24.4.4.4",
      "rrGrp": 360,
      "rrName": "matthost24",
      "rrStr": "matthost24 in a 24.4.4.4",
      "rrType": "a",
      "rrUri": "http://mtznjv1guvm64.kvm.cip.att.com:7001/Dragon2Rest/resources/rrs/search/755"
    },
    {
      "comments": "null",
      "createTime": "2021-08-25T18:51:49Z",
      "modBy": "mattsuper",
      "modTime": "2021-08-25T18:51:49Z",
      "recId": 756,
      "rrData": "41.2.3.4",
      "rrGrp": 360,
      "rrName": "matthost41",
      "rrStr": "matthost41 in a 41.2.3.4",
      "rrType": "a",
      "rrUri": "http://mtznjv1guvm64.kvm.cip.att.com:7001/Dragon2Rest/resources/rrs/search/756"
    },
    {
      "comments": "null",
      "createTime": "2021-08-25T18:53:07Z",
      "modBy": "mattsuper",
      "modTime": "2021-08-25T18:53:07Z",
      "recId": 757,
      "rrData": "51.2.3.4",
      "rrGrp": 360,
      "rrName": "matthost51",
      "rrStr": "matthost51 in a 51.2.3.4",
      "rrType": "a",
      "rrUri": "http://mtznjv1guvm64.kvm.cip.att.com:7001/Dragon2Rest/resources/rrs/search/757"
    },
    {
      "comments": "null",
      "createTime": "2021-08-25T18:53:10Z",
      "modBy": "mattsuper",
      "modTime": "2021-08-25T18:53:10Z",
      "recId": 758,
      "rrData": "52.3.3.3",
      "rrGrp": 360,
      "rrName": "matthost52",
      "rrStr": "matthost52 in a 52.3.3.3",
      "rrType": "a",
      "rrUri": "http://mtznjv1guvm64.kvm.cip.att.com:7001/Dragon2Rest/resources/rrs/search/758"
    },
    {
      "comments": "null",
      "createTime": "2021-08-25T18:53:12Z",
      "modBy": "mattsuper",
      "modTime": "2021-08-25T18:53:12Z",
      "recId": 759,
      "rrData": "53.4.4.4",
      "rrGrp": 360,
      "rrName": "matthost53",
      "rrStr": "matthost53 in a 53.4.4.4",
      "rrType": "a",
      "rrUri": "http://mtznjv1guvm64.kvm.cip.att.com:7001/Dragon2Rest/resources/rrs/search/759"
    },
    {
      "comments": "null",
      "createTime": "2021-08-25T18:53:15Z",
      "modBy": "mattsuper",
      "modTime": "2021-08-25T18:53:15Z",
      "recId": 760,
      "rrData": "54.4.4.4",
      "rrGrp": 360,
      "rrName": "matthost54",
      "rrStr": "matthost54 in a 54.4.4.4",
      "rrType": "a",
      "rrUri": "http://mtznjv1guvm64.kvm.cip.att.com:7001/Dragon2Rest/resources/rrs/search/760"
    },
    {
      "comments": "null",
      "createTime": "2021-08-25T18:53:23Z",
      "modBy": "mattsuper",
      "modTime": "2021-08-25T18:53:23Z",
      "recId": 761,
      "rrData": "55.4.4.4",
      "rrGrp": 360,
      "rrName": "matthost55",
      "rrStr": "matthost55 in a 55.4.4.4",
      "rrType": "a",
      "rrUri": "http://mtznjv1guvm64.kvm.cip.att.com:7001/Dragon2Rest/resources/rrs/search/761"
    },
    {
      "comments": "null",
      "createTime": "2021-08-25T19:06:17Z",
      "modBy": "mattsuper",
      "modTime": "2021-08-25T19:06:17Z",
      "recId": 762,
      "rrData": "61.2.3.4",
      "rrGrp": 360,
      "rrName": "matthost61",
      "rrStr": "matthost61 in a 61.2.3.4",
      "rrType": "a",
      "rrUri": "http://mtznjv1guvm64.kvm.cip.att.com:7001/Dragon2Rest/resources/rrs/search/762"
    },
    {
      "comments": "null",
      "createTime": "2021-08-25T19:06:20Z",
      "modBy": "mattsuper",
      "modTime": "2021-08-25T19:06:20Z",
      "recId": 763,
      "rrData": "62.3.3.3",
      "rrGrp": 360,
      "rrName": "matthost62",
      "rrStr": "matthost62 in a 62.3.3.3",
      "rrType": "a",
      "rrUri": "http://mtznjv1guvm64.kvm.cip.att.com:7001/Dragon2Rest/resources/rrs/search/763"
    },
    {
      "comments": "null",
      "createTime": "2021-08-25T19:06:22Z",
      "modBy": "mattsuper",
      "modTime": "2021-08-25T19:06:22Z",
      "recId": 764,
      "rrData": "63.4.4.4",
      "rrGrp": 360,
      "rrName": "matthost63",
      "rrStr": "matthost63 in a 63.4.4.4",
      "rrType": "a",
      "rrUri": "http://mtznjv1guvm64.kvm.cip.att.com:7001/Dragon2Rest/resources/rrs/search/764"
    },
    {
      "comments": "null",
      "createTime": "2021-08-25T19:06:23Z",
      "modBy": "mattsuper",
      "modTime": "2021-08-25T19:06:23Z",
      "recId": 765,
      "rrData": "64.4.4.4",
      "rrGrp": 360,
      "rrName": "matthost64",
      "rrStr": "matthost64 in a 64.4.4.4",
      "rrType": "a",
      "rrUri": "http://mtznjv1guvm64.kvm.cip.att.com:7001/Dragon2Rest/resources/rrs/search/765"
    },
    {
      "comments": "null",
      "createTime": "2021-08-25T19:06:28Z",
      "modBy": "mattsuper",
      "modTime": "2021-08-25T19:06:28Z",
      "recId": 766,
      "rrData": "65.4.4.4",
      "rrGrp": 360,
      "rrName": "matthost65",
      "rrStr": "matthost65 in a 65.4.4.4",
      "rrType": "a",
      "rrUri": "http://mtznjv1guvm64.kvm.cip.att.com:7001/Dragon2Rest/resources/rrs/search/766"
    }
  ],
  "totalRecords": 21
}